{
  "Total" : {
    "transaction" : "Total",
    "sampleCount" : 405,
    "errorCount" : 0,
    "errorPct" : 0.0,
    "meanResTime" : 32.5432098765432,
    "medianResTime" : 7.0,
    "minResTime" : 2.0,
    "maxResTime" : 203.0,
    "pct1ResTime" : 106.0,
    "pct2ResTime" : 119.0,
    "pct3ResTime" : 130.88,
    "throughput" : 1.1508689771190197,
    "receivedKBytesPerSec" : 0.8848581784869909,
    "sentKBytesPerSec" : 0.40517126013759275
  },
  "rider - get reviews statistics" : {
    "transaction" : "rider - get reviews statistics",
    "sampleCount" : 70,
    "errorCount" : 0,
    "errorPct" : 0.0,
    "meanResTime" : 3.557142857142857,
    "medianResTime" : 3.0,
    "minResTime" : 2.0,
    "maxResTime" : 6.0,
    "pct1ResTime" : 5.0,
    "pct2ResTime" : 5.450000000000003,
    "pct3ResTime" : 6.0,
    "throughput" : 0.5925574780753733,
    "receivedKBytesPerSec" : 0.2789186566721972,
    "sentKBytesPerSec" : 0.20021961661531168
  },
  "manager - get all stores' info" : {
    "transaction" : "manager - get all stores' info",
    "sampleCount" : 25,
    "errorCount" : 0,
    "errorPct" : 0.0,
    "meanResTime" : 4.68,
    "medianResTime" : 4.0,
    "minResTime" : 3.0,
    "maxResTime" : 8.0,
    "pct1ResTime" : 6.0,
    "pct2ResTime" : 7.399999999999999,
    "pct3ResTime" : 8.0,
    "throughput" : 0.2169573895686887,
    "receivedKBytesPerSec" : 0.1497938226807255,
    "sentKBytesPerSec" : 0.07246037815673001
  },
  "manager - get all riders info" : {
    "transaction" : "manager - get all riders info",
    "sampleCount" : 25,
    "errorCount" : 0,
    "errorPct" : 0.0,
    "meanResTime" : 5.7200000000000015,
    "medianResTime" : 5.0,
    "minResTime" : 4.0,
    "maxResTime" : 15.0,
    "pct1ResTime" : 7.0,
    "pct2ResTime" : 12.599999999999994,
    "pct3ResTime" : 15.0,
    "throughput" : 0.21693479807708996,
    "receivedKBytesPerSec" : 0.12711023324829487,
    "sentKBytesPerSec" : 0.07330023450651672
  },
  "manager - get general statistics" : {
    "transaction" : "manager - get general statistics",
    "sampleCount" : 25,
    "errorCount" : 0,
    "errorPct" : 0.0,
    "meanResTime" : 6.080000000000001,
    "medianResTime" : 6.0,
    "minResTime" : 4.0,
    "maxResTime" : 12.0,
    "pct1ResTime" : 8.0,
    "pct2ResTime" : 10.799999999999997,
    "pct3ResTime" : 12.0,
    "throughput" : 0.21695927240538404,
    "receivedKBytesPerSec" : 0.1076321390448585,
    "sentKBytesPerSec" : 0.07330850415260047
  },
  "manager - get riders' statistics" : {
    "transaction" : "manager - get riders' statistics",
    "sampleCount" : 25,
    "errorCount" : 0,
    "errorPct" : 0.0,
    "meanResTime" : 4.28,
    "medianResTime" : 4.0,
    "minResTime" : 3.0,
    "maxResTime" : 8.0,
    "pct1ResTime" : 6.400000000000002,
    "pct2ResTime" : 7.699999999999999,
    "pct3ResTime" : 8.0,
    "throughput" : 0.21697433627550533,
    "receivedKBytesPerSec" : 0.10530883313371694,
    "sentKBytesPerSec" : 0.07373737209362877
  },
  "manager - login" : {
    "transaction" : "manager - login",
    "sampleCount" : 25,
    "errorCount" : 0,
    "errorPct" : 0.0,
    "meanResTime" : 111.75999999999999,
    "medianResTime" : 115.0,
    "minResTime" : 79.0,
    "maxResTime" : 139.0,
    "pct1ResTime" : 127.2,
    "pct2ResTime" : 136.0,
    "pct3ResTime" : 139.0,
    "throughput" : 0.21678994788369652,
    "receivedKBytesPerSec" : 0.14586745516783878,
    "sentKBytesPerSec" : 0.05229210656960258
  },
  "client/store - make a purchase" : {
    "transaction" : "client/store - make a purchase",
    "sampleCount" : 70,
    "errorCount" : 0,
    "errorPct" : 0.0,
    "meanResTime" : 23.62857142857143,
    "medianResTime" : 20.0,
    "minResTime" : 12.0,
    "maxResTime" : 203.0,
    "pct1ResTime" : 26.0,
    "pct2ResTime" : 29.700000000000017,
    "pct3ResTime" : 203.0,
    "throughput" : 0.5923619162061758,
    "receivedKBytesPerSec" : 0.26458777164025016,
    "sentKBytesPerSec" : 0.33146814256458856
  },
  "rider - login" : {
    "transaction" : "rider - login",
    "sampleCount" : 70,
    "errorCount" : 0,
    "errorPct" : 0.0,
    "meanResTime" : 106.80000000000001,
    "medianResTime" : 102.5,
    "minResTime" : 95.0,
    "maxResTime" : 198.0,
    "pct1ResTime" : 121.9,
    "pct2ResTime" : 127.45,
    "pct3ResTime" : 198.0,
    "throughput" : 0.5912861318061257,
    "receivedKBytesPerSec" : 0.3961155140810569,
    "sentKBytesPerSec" : 0.14204725432061224
  },
  "rider - get all their orders" : {
    "transaction" : "rider - get all their orders",
    "sampleCount" : 70,
    "errorCount" : 0,
    "errorPct" : 0.0,
    "meanResTime" : 6.971428571428573,
    "medianResTime" : 7.0,
    "minResTime" : 5.0,
    "maxResTime" : 27.0,
    "pct1ResTime" : 8.899999999999999,
    "pct2ResTime" : 9.450000000000003,
    "pct3ResTime" : 27.0,
    "throughput" : 0.5924270891518137,
    "receivedKBytesPerSec" : 1.0749311832461619,
    "sentKBytesPerSec" : 0.1961257648656883
  }
}