{
  "Total" : {
    "transaction" : "Total",
    "sampleCount" : 405,
    "errorCount" : 0,
    "errorPct" : 0.0,
    "meanResTime" : 149.76790123456786,
    "medianResTime" : 94.0,
    "minResTime" : 3.0,
    "maxResTime" : 634.0,
    "pct1ResTime" : 409.80000000000007,
    "pct2ResTime" : 474.09999999999997,
    "pct3ResTime" : 566.88,
    "throughput" : 49.42640956797656,
    "receivedKBytesPerSec" : 30.180834490175734,
    "sentKBytesPerSec" : 17.400904053270683
  },
  "rider - get reviews statistics" : {
    "transaction" : "rider - get reviews statistics",
    "sampleCount" : 70,
    "errorCount" : 0,
    "errorPct" : 0.0,
    "meanResTime" : 185.77142857142846,
    "medianResTime" : 182.5,
    "minResTime" : 3.0,
    "maxResTime" : 601.0,
    "pct1ResTime" : 325.8,
    "pct2ResTime" : 498.0000000000001,
    "pct3ResTime" : 601.0,
    "throughput" : 40.09163802978237,
    "receivedKBytesPerSec" : 18.8712593069874,
    "sentKBytesPerSec" : 13.546588631156931
  },
  "manager - get all stores' info" : {
    "transaction" : "manager - get all stores' info",
    "sampleCount" : 25,
    "errorCount" : 0,
    "errorPct" : 0.0,
    "meanResTime" : 5.28,
    "medianResTime" : 5.0,
    "minResTime" : 4.0,
    "maxResTime" : 9.0,
    "pct1ResTime" : 7.0,
    "pct2ResTime" : 8.399999999999999,
    "pct3ResTime" : 9.0,
    "throughput" : 8.70170553428472,
    "receivedKBytesPerSec" : 6.109888944483118,
    "sentKBytesPerSec" : 2.906233684302123
  },
  "manager - get all riders info" : {
    "transaction" : "manager - get all riders info",
    "sampleCount" : 25,
    "errorCount" : 0,
    "errorPct" : 0.0,
    "meanResTime" : 6.480000000000001,
    "medianResTime" : 6.0,
    "minResTime" : 4.0,
    "maxResTime" : 15.0,
    "pct1ResTime" : 8.0,
    "pct2ResTime" : 12.899999999999995,
    "pct3ResTime" : 15.0,
    "throughput" : 8.668515950069347,
    "receivedKBytesPerSec" : 5.079208564493759,
    "sentKBytesPerSec" : 2.929010272191401
  },
  "manager - get general statistics" : {
    "transaction" : "manager - get general statistics",
    "sampleCount" : 25,
    "errorCount" : 0,
    "errorPct" : 0.0,
    "meanResTime" : 6.24,
    "medianResTime" : 6.0,
    "minResTime" : 4.0,
    "maxResTime" : 11.0,
    "pct1ResTime" : 7.400000000000002,
    "pct2ResTime" : 10.099999999999998,
    "pct3ResTime" : 11.0,
    "throughput" : 8.716875871687588,
    "receivedKBytesPerSec" : 4.3243876394700145,
    "sentKBytesPerSec" : 2.9453506363319386
  },
  "manager - get riders' statistics" : {
    "transaction" : "manager - get riders' statistics",
    "sampleCount" : 25,
    "errorCount" : 0,
    "errorPct" : 0.0,
    "meanResTime" : 4.64,
    "medianResTime" : 4.0,
    "minResTime" : 3.0,
    "maxResTime" : 8.0,
    "pct1ResTime" : 6.400000000000002,
    "pct2ResTime" : 7.699999999999999,
    "pct3ResTime" : 8.0,
    "throughput" : 8.738203425375744,
    "receivedKBytesPerSec" : 4.198433677036001,
    "sentKBytesPerSec" : 2.9696238203425374
  },
  "manager - login" : {
    "transaction" : "manager - login",
    "sampleCount" : 25,
    "errorCount" : 0,
    "errorPct" : 0.0,
    "meanResTime" : 98.36,
    "medianResTime" : 97.0,
    "minResTime" : 92.0,
    "maxResTime" : 114.0,
    "pct1ResTime" : 107.80000000000001,
    "pct2ResTime" : 112.5,
    "pct3ResTime" : 114.0,
    "throughput" : 8.417508417508417,
    "receivedKBytesPerSec" : 5.66373369107744,
    "sentKBytesPerSec" : 2.030395096801347
  },
  "client/store - make a purchase" : {
    "transaction" : "client/store - make a purchase",
    "sampleCount" : 70,
    "errorCount" : 0,
    "errorPct" : 0.0,
    "meanResTime" : 49.42857142857142,
    "medianResTime" : 19.5,
    "minResTime" : 13.0,
    "maxResTime" : 323.0,
    "pct1ResTime" : 170.59999999999994,
    "pct2ResTime" : 316.5,
    "pct3ResTime" : 323.0,
    "throughput" : 24.390243902439025,
    "receivedKBytesPerSec" : 10.894286258710801,
    "sentKBytesPerSec" : 13.648056402439025
  },
  "rider - login" : {
    "transaction" : "rider - login",
    "sampleCount" : 70,
    "errorCount" : 0,
    "errorPct" : 0.0,
    "meanResTime" : 402.44285714285706,
    "medianResTime" : 407.0,
    "minResTime" : 190.0,
    "maxResTime" : 634.0,
    "pct1ResTime" : 536.0,
    "pct2ResTime" : 565.9,
    "pct3ResTime" : 634.0,
    "throughput" : 30.1854247520483,
    "receivedKBytesPerSec" : 20.221876347563605,
    "sentKBytesPerSec" : 7.251576649417853
  },
  "rider - get all their orders" : {
    "transaction" : "rider - get all their orders",
    "sampleCount" : 70,
    "errorCount" : 0,
    "errorPct" : 0.0,
    "meanResTime" : 185.65714285714284,
    "medianResTime" : 180.0,
    "minResTime" : 5.0,
    "maxResTime" : 486.0,
    "pct1ResTime" : 333.09999999999997,
    "pct2ResTime" : 390.6,
    "pct3ResTime" : 486.0,
    "throughput" : 37.29355354288759,
    "receivedKBytesPerSec" : 33.43308803942461,
    "sentKBytesPerSec" : 12.346205713905167
  }
}